contact_id,full_name,email,phone,document,birthdate
1,Contact 1,contact1@mail.com,+155500001,DOC001,1981-02-15
2,Contact 2,contact2@mail.com,+155500002,DOC002,1982-03-15
3,Contact 3,contact3@mail.com,+155500003,DOC003,1983-04-15
4,Contact 4,contact4@mail.com,+155500004,DOC004,1984-05-15
5,Contact 5,contact5@mail.com,+155500005,DOC005,1985-06-15
6,Contact 6,contact6@mail.com,+155500006,DOC006,1986-07-15
7,Contact 7,contact7@mail.com,+155500007,DOC007,1987-08-15
8,Contact 8,contact8@mail.com,+155500008,DOC008,1988-09-15
9,Contact 9,contact9@mail.com,+155500009,DOC009,1989-01-15
10,Contact 10,contact10@mail.com,+155500010,DOC010,1980-02-15
11,Contact 11,contact11@mail.com,+155500011,DOC011,1981-03-15
12,Contact 12,contact12@mail.com,+155500012,DOC012,1982-04-15
13,Contact 13,contact13@mail.com,+155500013,DOC013,1983-05-15
14,Contact 14,contact14@mail.com,+155500014,DOC014,1984-06-15
15,Contact 15,contact15@mail.com,+155500015,DOC015,1985-07-15
16,Contact 16,contact16@mail.com,+155500016,DOC016,1986-08-15
17,Contact 17,contact17@mail.com,+155500017,DOC017,1987-09-15
18,Contact 18,contact18@mail.com,+155500018,DOC018,1988-01-15
19,Contact 19,contact19@mail.com,+155500019,DOC019,1989-02-15
20,Contact 20,contact20@mail.com,+155500020,DOC020,1980-03-15
21,Contact 21,contact21@mail.com,+155500021,DOC021,1981-04-15
22,Contact 22,contact22@mail.com,+155500022,DOC022,1982-05-15
23,Contact 23,contact23@mail.com,+155500023,DOC023,1983-06-15
24,Contact 24,contact24@mail.com,+155500024,DOC024,1984-07-15
25,Contact 25,contact25@mail.com,+155500025,DOC025,1985-08-15
